{
  "T02_Load" : {
    "transaction" : "T02_Load",
    "sampleCount" : 137,
    "errorCount" : 61,
    "errorPct" : 44.525547,
    "meanResTime" : 506.5036496350365,
    "medianResTime" : 485.0,
    "minResTime" : 12.0,
    "maxResTime" : 995.0,
    "pct1ResTime" : 892.0,
    "pct2ResTime" : 959.1,
    "pct3ResTime" : 995.0,
    "throughput" : 4.593769909130537,
    "receivedKBytesPerSec" : 0.5961605765684204,
    "sentKBytesPerSec" : 0.0
  },
  "Total" : {
    "transaction" : "Total",
    "sampleCount" : 547,
    "errorCount" : 225,
    "errorPct" : 41.133453,
    "meanResTime" : 513.0530164533822,
    "medianResTime" : 515.0,
    "minResTime" : 12.0,
    "maxResTime" : 1001.0,
    "pct1ResTime" : 902.0,
    "pct2ResTime" : 957.4000000000001,
    "pct3ResTime" : 995.0,
    "throughput" : 17.850150110951574,
    "receivedKBytesPerSec" : 2.316738696808511,
    "sentKBytesPerSec" : 0.0
  },
  "T01_Launch" : {
    "transaction" : "T01_Launch",
    "sampleCount" : 141,
    "errorCount" : 52,
    "errorPct" : 36.879433,
    "meanResTime" : 520.269503546099,
    "medianResTime" : 547.0,
    "minResTime" : 22.0,
    "maxResTime" : 1000.0,
    "pct1ResTime" : 908.4,
    "pct2ResTime" : 969.4000000000001,
    "pct3ResTime" : 1000.0,
    "throughput" : 4.601226993865031,
    "receivedKBytesPerSec" : 0.5971741511388853,
    "sentKBytesPerSec" : 0.0
  },
  "T03_Search" : {
    "transaction" : "T03_Search",
    "sampleCount" : 135,
    "errorCount" : 54,
    "errorPct" : 40.0,
    "meanResTime" : 521.4666666666668,
    "medianResTime" : 541.0,
    "minResTime" : 12.0,
    "maxResTime" : 1000.0,
    "pct1ResTime" : 896.0,
    "pct2ResTime" : 942.2,
    "pct3ResTime" : 995.3199999999998,
    "throughput" : 4.6226544308998765,
    "receivedKBytesPerSec" : 0.599968647274346,
    "sentKBytesPerSec" : 0.0
  },
  "T04_Checkout" : {
    "transaction" : "T04_Checkout",
    "sampleCount" : 134,
    "errorCount" : 58,
    "errorPct" : 43.28358,
    "meanResTime" : 503.67910447761204,
    "medianResTime" : 510.0,
    "minResTime" : 14.0,
    "maxResTime" : 1001.0,
    "pct1ResTime" : 915.5,
    "pct2ResTime" : 967.25,
    "pct3ResTime" : 998.5500000000001,
    "throughput" : 4.669965846518436,
    "receivedKBytesPerSec" : 0.6061739279117586,
    "sentKBytesPerSec" : 0.0
  }
}